<?xml version="1.0" encoding="UTF-8"?>
<MessageCollection xmlns:xsi="http://www.w3.org/2001/XMLSchema-instance"
    xsi:noNamespaceSchemaLocation="messagecollection.xsd">

    <Plugin>
        <ShortDescription>FindBugs Plugin Tutorial Plugin</ShortDescription>
        <Details>Provides detectors as part of the FindBugs detector plugin
            tutorial.</Details>
    </Plugin>

    <Detector class="tutorial.DetectorTutorial">
        <Details>
            This detector finds instances of BigDecimals being created
            with doubles.
        </Details>

    </Detector>

    <BugPattern type="TESTING">
        <ShortDescription>BigDecimal created from double</ShortDescription>
        <LongDescription>BigDecimal created from double in {1}</LongDescription>
        <Details>
<![CDATA[
  <p> BigDecimals actually should not be blah blah blah. </p>
]]>
        </Details>
    </BugPattern>
</MessageCollection>



